Timestamp(ms),Output,Target,Tof
11741.898536682129,-56.21,100,133.0
11845.529079437256,-57.54584000000016,100,133.6
11948.827028274536,-59.280800000001484,100,134.4
12051.823616027832,-60.11698000000163,100,134.7
12155.799865722656,-61.69283999999978,100,135.4
12258.768320083618,-62.76664000000187,100,135.8
12362.653732299805,-63.099580000001325,100,135.8
12466.311931610107,-63.15118000000013,100,135.6
12570.150375366211,-64.56576000000149,100,136.2
12674.2262840271,-63.36758000000171,100,135.3
12777.481079101562,-62.725809999999825,100,134.7
12880.64956665039,-60.65883000000004,100,133.3
12984.524726867676,-55.718010000001144,100,130.2
13088.233709335327,-49.206210000000304,100,126.2
13191.909551620483,-38.8542100000004,100,120.0
13295.63307762146,-30.346620000000975,100,114.9
13398.938417434692,-22.638890000000412,100,110.3
13501.811504364014,-13.846830000000434,100,105.1
13605.707168579102,-6.887730000000483,100,101.0
13708.821058273315,-0.4014100000004728,100,97.2
13812.894344329834,3.7357899999993665,100,94.8
13916.688680648804,7.55644999999965,100,92.6
14019.501686096191,9.506349999999683,100,91.5
14122.703552246094,10.454449999999206,100,91.0
14225.830554962158,10.880929999999257,100,90.8
14329.776525497437,10.639029999999593,100,91.0
14433.620691299438,9.540329999999315,100,91.7
14536.597967147827,7.908219999999205,100,92.7
14639.655590057373,6.961919999999605,100,93.3
14742.38109588623,4.297509999999319,100,94.9
14845.134258270264,2.63604999999934,100,95.9
14948.320627212524,1.140929999999476,100,96.8
15051.740646362305,0.14536999999947486,100,97.4
15155.778646469116,-1.3661000000006012,100,98.3
15259.750843048096,-1.8607000000005147,100,98.6
15362.79821395874,-1.847680000000536,100,98.6
15465.830326080322,-3.2010800000005752,100,99.4
15568.816184997559,-3.87920000000056,100,99.8
15671.661376953125,-3.3637500000005454,100,99.5
15775.394201278687,-3.7004800000005664,100,99.7
15878.42321395874,-3.697660000000565,100,99.7
15982.495784759521,-3.1811200000005475,100,99.4
16086.423397064209,-3.003420000000556,100,99.3
16189.324855804443,-2.313080000000565,100,98.9
16293.272256851196,-2.130000000000505,100,98.8
16396.352767944336,-0.40932000000049396,100,97.8
16499.35507774353,0.8122899999993569,100,97.1
16602.346181869507,2.041529999999474,100,96.4
16706.448554992676,2.7591299999995043,100,96.0
16810.45961380005,3.3164299999993587,100,95.7
16914.18218612671,3.876569999999528,100,95.4
17017.321586608887,5.458269999999565,100,94.5
17120.887517929077,6.8869399999992265,100,93.7
17224.897861480713,6.604279999999251,100,93.9
17328.061819076538,5.986409999999482,100,94.3
17431.96153640747,5.706909999999297,100,94.5
17535.895347595215,4.903409999999221,100,95.0
17650.506496429443,3.2534099999992203,60,96.0
17753.549575805664,-61.66066666666667,60,96.2
17857.21731185913,-62.51233333333333,60,96.7
17960.821866989136,-62.34199999999999,60,96.6
18064.83292579651,-61.31999999999999,60,96.0
18167.78254508972,-58.42433333333333,60,94.3
18270.836114883423,-54.50666666666667,60,92.0
18374.449491500854,-49.73733333333333,60,89.2
18478.219509124756,-42.583333333333336,60,85.0
18581.43138885498,-35.769999999999996,60,81.0
18685.178518295288,-28.44566666666667,60,76.7
18788.161754608154,-21.461999999999993,60,72.6
18891.00432395935,-13.967333333333338,60,68.2
18994.672536849976,-3.747333333333338,60,62.2
19097.74923324585,0.8516666666666667,60,59.5
19200.899839401245,4.7693333333333285,60,57.2
19303.808450698853,8.175999999999995,60,55.2
19407.836198806763,10.049666666666663,60,54.1
19511.47484779358,11.412333333333338,60,53.3
19615.501403808594,13.115666666666671,60,52.3
19719.390392303467,12.604666666666663,60,52.6
19822.61610031128,14.13766666666666,60,51.7
19926.487684249878,13.456333333333331,60,52.1
20029.4988155365,13.797,60,51.9
20133.204460144043,13.626666666666667,60,52.0
20236.20080947876,13.115666666666671,60,52.3
20338.990688323975,13.115666666666671,60,52.3
20442.02494621277,11.412333333333338,60,53.3
20545.719623565674,10.560666666666672,60,53.8
20649.569749832153,9.197999999999999,60,54.6
20752.439737319946,7.8353333333333355,60,55.4
20855.202436447144,5.791333333333331,60,56.6
20958.18328857422,4.087999999999997,60,57.6
21061.49387359619,3.065999999999995,60,58.2
21165.873527526855,3.4066666666666667,60,58.0
21269.586324691772,3.4066666666666667,60,58.0
21373.60644340515,3.747333333333338,60,57.8
21476.584672927856,4.258333333333334,60,57.5
21579.973459243774,3.5770000000000026,60,57.9
21682.88516998291,4.087999999999997,60,57.6
21785.91251373291,3.5770000000000026,60,57.9
21889.17088508606,3.236333333333331,60,58.1
21992.398262023926,4.599000000000005,60,57.3
22095.683813095093,5.791333333333331,60,56.6
22199.51820373535,4.939666666666664,60,57.1
22302.388906478882,4.7693333333333285,60,57.2
22406.50773048401,4.258333333333334,60,57.5
22509.520769119263,4.087999999999997,60,57.6
22612.92862892151,4.7693333333333285,60,57.2
22715.930938720703,4.087999999999997,60,57.6
22818.909406661987,3.236333333333331,60,58.1
22921.836137771606,2.895666666666671,60,58.3
23025.847911834717,3.065999999999995,60,58.2
23129.019737243652,2.7253333333333356,60,58.4
23231.809854507446,2.895666666666671,60,58.3
23335.551738739014,2.3846666666666643,60,58.6
23438.645839691162,2.044000000000005,60,58.8
23542.5386428833,1.1923333333333381,60,59.3
23645.73073387146,1.5329999999999975,150,59.1
23748.82173538208,100,150,59.0
23852.834701538086,100,150,59.0
23955.87921142578,100,150,59.2
24058.90417098999,100,150,60.1
24162.00280189514,100,150,62.6
24265.840768814087,100,150,66.9
24369.853258132935,100,150,72.5
24473.427295684814,100,150,79.7
24576.261043548584,100,150,88.7
24679.98504638672,88.74366666666666,150,97.9
24782.9110622406,71.53999999999999,150,108.0
24886.57236099243,52.80333333333333,150,119.0
24990.613222122192,34.40733333333331,150,129.8
25094.51937675476,7.664999999999999,150,145.5
25298.241138458252,-7.664999999999999,150,154.5
25401.249647140503,-32.70399999999998,150,169.2
25504.89377975464,-40.02833333333333,150,173.5
25607.740879058838,-44.456999999999994,150,176.1
25711.523294448853,-49.22633333333334,150,178.9
25815.31858444214,-49.39666666666666,150,179.0
25918.30801963806,-48.544999999999995,150,178.5
26122.577667236328,-45.64933333333335,150,176.8
26226.287364959717,-36.62166666666666,150,171.5
26330.295085906982,-31.68199999999999,150,168.6
26433.257818222046,-26.231333333333342,150,165.4
26536.425828933716,-19.758666666666656,150,161.6
26639.528274536133,-13.967333333333313,150,158.2
26742.452144622803,-9.368333333333332,150,155.5
26845.61824798584,-4.08800000000001,150,152.4
26949.637413024902,-1.7033333333333334,150,151.0
27053.264617919922,-0.6813333333333429,150,150.4
27156.352519989014,-0.17033333333332365,150,150.1
27259.557485580444,-1.192333333333314,150,150.7
27363.33417892456,-1.873666666666657,150,151.1
27466.6006565094,-3.4066666666666667,150,152.0
27569.703102111816,-5.280333333333323,150,153.1
27672.550439834595,-7.494666666666676,150,154.4
27775.630712509155,-9.19800000000001,150,155.4
27879.522562026978,-9.368333333333332,150,155.5
27982.540130615234,-10.390333333333324,150,156.1
28085.9956741333,-11.071666666666665,150,156.5
28188.80867958069,-12.093666666666657,150,157.1
28291.895389556885,-11.24199999999999,150,156.6
28395.620584487915,-10.219999999999999,150,156.0
28499.157190322876,-9.538666666666657,150,155.6
28602.964401245117,-9.368333333333332,150,155.5
28706.267595291138,-8.857333333333314,150,155.2
28809.300899505615,-8.17600000000002,150,154.8
28912.185430526733,-8.346333333333343,150,154.9
29015.876531600952,-7.835333333333324,150,154.6
29119.100093841553,-7.15399999999998,150,154.2
29222.119092941284,-7.324333333333352,150,154.3
29325.92725753784,-7.15399999999998,150,154.2
29429.375410079956,-6.9836666666666565,150,154.1
29532.474279403687,-7.324333333333352,150,154.3
29635.4877948761,-6.4726666666666866,150,153.8
29738.397359848022,-7.15399999999998,150,154.2
29841.626167297363,-7.494666666666676,150,154.4
29945.68681716919,-7.15399999999998,150,154.2
30048.68769645691,-7.324333333333352,150,154.3
30152.241230010986,-6.8133333333333335,150,154.0
30255.53607940674,-6.64300000000001,150,153.9
30358.641386032104,-6.4726666666666866,150,153.8
30461.416006088257,-5.280333333333323,150,153.1
30565.417289733887,-5.109999999999999,150,153.0
30669.4176197052,-5.621000000000019,150,153.3
30772.568464279175,-4.598999999999981,150,152.7
30875.341653823853,-4.7693333333333525,150,152.8
30978.503227233887,-4.7693333333333525,150,152.8
31082.31544494629,-3.57699999999999,150,152.1
31185.982942581177,-4.428666666666657,150,152.6
31289.39914703369,-4.939666666666676,150,152.9
31393.267154693604,-3.917666666666686,150,152.3
31496.4542388916,-4.7693333333333525,150,152.8
31600.35467147827,-4.7693333333333525,150,152.8
31703.365325927734,-5.109999999999999,150,153.0
